,product_names,prices,generic_product
0,Onken Natural Set Yogurt 450g,£2.0044p / 100g,ONKEN%20NATURAL%20YOGHURT%20450G
1,Yeo Valley Organic Natural Yogurt 450g,£2.0044p / 100g,ONKEN%20NATURAL%20YOGHURT%20450G
2,FAGE Total 5% Fat Natural Greek Recipe Strained Yoghurt 450g,£3.5078p / 100g,ONKEN%20NATURAL%20YOGHURT%20450G
3,FAGE Total 0% Natural Fat Free Greek Recipe Strained Yogurt ...,£3.5078p / 100g,ONKEN%20NATURAL%20YOGHURT%20450G
4,"Onken Mango, Papaya & Passionfruit Biopot Yogurt 450g",£2.2550p / 100g,ONKEN%20NATURAL%20YOGHURT%20450G
5,Arla Skyr Natural Icelandic Style Yogurt 450g,"£1.25with Nectar
£2.2550p / 100g",ONKEN%20NATURAL%20YOGHURT%20450G
6,Onken Cherry Yogurt 450g,£2.2550p / 100g,ONKEN%20NATURAL%20YOGHURT%20450G
7,Onken Fat Free Strawberry Yogurt 450g,£2.2550p / 100g,ONKEN%20NATURAL%20YOGHURT%20450G
8,Rachel's Organic Greek Style Set Natural Yogurt 450g,"£1.50with Nectar
£2.0044p / 100g",ONKEN%20NATURAL%20YOGHURT%20450G
9,St Helen's Farm Goat's Milk Natural Yogurt 450g,£2.4053p / 100g,ONKEN%20NATURAL%20YOGHURT%20450G
10,Onken Fat Free Vanilla Yogurt 450g,£2.2550p / 100g,ONKEN%20NATURAL%20YOGHURT%20450G
11,Yeo Valley Organic 0% Fat Natural Yogurt 450g,£2.0043p / 100g,ONKEN%20NATURAL%20YOGHURT%20450G
12,Yeo Valley Organic Super Thick 5% Fat Natural Yogurt 450g,£3.2572p / 100g,ONKEN%20NATURAL%20YOGHURT%20450G
13,Yeo Valley Organic Super Thick 0% Fat Natural Yogurt 450g,£3.2572p / 100g,ONKEN%20NATURAL%20YOGHURT%20450G
14,Arla Skyr Strawberry Icelandic Style Yogurt 450g,"£1.25with Nectar
£2.2550p / 100g",ONKEN%20NATURAL%20YOGHURT%20450G
15,Arla Skyr Vanilla Icelandic Style Yogurt 450g,"£1.25with Nectar
£2.2550p / 100g",ONKEN%20NATURAL%20YOGHURT%20450G
16,Yeo Valley Organic British Blackcurrant Creamy Bio Live Yogu...,"£1.50with Nectar
£2.2550p / 100g",ONKEN%20NATURAL%20YOGHURT%20450G
17,Bonne Maman Yoghurt Rhubarb Strawberry 450g,£2.6058p / 100g,ONKEN%20NATURAL%20YOGHURT%20450G
18,Bonne Maman Yoghurt Violet Fig 450g,£2.6058p / 100g,ONKEN%20NATURAL%20YOGHURT%20450G
19,Sainsbury's Greek Style Natural Yogurt 500g,£1.1022p / 100g,ONKEN%20NATURAL%20YOGHURT%20450G
20,Sainsbury's Greek Style Natural Yogurt 1kg,£1.9520p / 100g,ONKEN%20NATURAL%20YOGHURT%20450G
21,Sainsbury's Greek Style Fat Free Natural Yogurt 500g,£1.1022p / 100g,ONKEN%20NATURAL%20YOGHURT%20450G
22,Sainsbury's Fat Free Greek Style Natural Yogurt 1kg,£1.9520p / 100g,ONKEN%20NATURAL%20YOGHURT%20450G
23,Stamford Street Co. Low Fat Natural Yogurt 500g,35p7p / 100g,ONKEN%20NATURAL%20YOGHURT%20450G
24,Sainsbury's Fat Free Natural Yogurt 500g,90p18p / 100g,ONKEN%20NATURAL%20YOGHURT%20450G
25,Sainsbury's Natural Yogurt 500g,90p18p / 100g,ONKEN%20NATURAL%20YOGHURT%20450G
26,Yeo Valley Organic Raspberry Yogurt 450g,"£1.50with Nectar
£2.2550p / 100g",ONKEN%20NATURAL%20YOGHURT%20450G
27,Sainsbury's Greek Style Honey Yogurt 450g,£1.6036p / 100g,ONKEN%20NATURAL%20YOGHURT%20450G
28,Yeo Valley Organic Lemon Curd Yogurt 450g,"£1.50with Nectar
£2.2550p / 100g",ONKEN%20NATURAL%20YOGHURT%20450G
29,Rachel's Organic Greek Style Ginger Yogurt 450g,"£1.75with Nectar
£2.6559p / 100g",ONKEN%20NATURAL%20YOGHURT%20450G
30,Sainsbury's Greek Style Low Fat Natural Yogurt 500g,£1.1022p / 100g,ONKEN%20NATURAL%20YOGHURT%20450G
31,Yeo Valley Organic Strawberry Yogurt 450g,"£1.50with Nectar
£2.2550p / 100g",ONKEN%20NATURAL%20YOGHURT%20450G
32,Yeo Valley Organic Peach & Apricot Yogurt 450g,"£1.50with Nectar
£2.2550p / 100g",ONKEN%20NATURAL%20YOGHURT%20450G
33,Yeo Valley Organic 0% Fat Vanilla Yogurt 450g,"£1.50with Nectar
£2.2550p / 100g",ONKEN%20NATURAL%20YOGHURT%20450G
34,Yeo Valley Organic Blueberry & Lime Yogurt 450g,"£1.50with Nectar
£2.2550p / 100g",ONKEN%20NATURAL%20YOGHURT%20450G
35,Rachel's Organic Greek Style Honey Yogurt 450g,"£1.75with Nectar
£2.6559p / 100g",ONKEN%20NATURAL%20YOGHURT%20450G
36,Yeo Valley Organic Cherry Yogurt 450g,"£1.50with Nectar
£2.2550p / 100g",ONKEN%20NATURAL%20YOGHURT%20450G
37,Rachel's Organic Greek Style Coconut Yogurt 450g,"£1.75with Nectar
£2.6559p / 100g",ONKEN%20NATURAL%20YOGHURT%20450G
38,Sainsbury's Natural Yoghurt 1kg,£1.7518p / 100g,ONKEN%20NATURAL%20YOGHURT%20450G
39,Yeo Valley Organic Kefir Natural Yogurt 950g,£4.5047p / 100g,ONKEN%20NATURAL%20YOGHURT%20450G
40,Arla Skyr Coconut Icelandic Style Yogurt 450g,"£1.25with Nectar
£1.8541p / 100g",ONKEN%20NATURAL%20YOGHURT%20450G
41,Stamford Street Co. Low Fat Strawberry Yogurt 450g,95p21p / 100g,ONKEN%20NATURAL%20YOGHURT%20450G
42,Woodlands Sheep's Milk Yogurt 450g,£2.6058p / 100g,ONKEN%20NATURAL%20YOGHURT%20450G
43,"Yeo Valley Organic Mango, Pineapple & Passion Fruit Creamy B...","£1.50with Nectar
£2.2550p / 100g",ONKEN%20NATURAL%20YOGHURT%20450G
44,Sainsbury's Fat Free Natural Yoghurt 1kg,£1.7518p / 100g,ONKEN%20NATURAL%20YOGHURT%20450G
45,Yeo Valley Organic Super Thick 5% Fat Natural Yogurt 850g,£4.2550p / 100g,ONKEN%20NATURAL%20YOGHURT%20450G
46,Sainsbury's Hazelnut Yoghurt 450g,£1.5033p / 100g,ONKEN%20NATURAL%20YOGHURT%20450G
47,Stamford Street Co. Low Fat Mango & Passion Fruit Yogurt 450...,95p21p / 100g,ONKEN%20NATURAL%20YOGHURT%20450G
48,Yeo Valley Organic Super Thick 0% Fat Natural Yogurt 850g,£4.2550p / 100g,ONKEN%20NATURAL%20YOGHURT%20450G
49,Sainsbury's Fat Free Natural Fromage Frais 500g,£1.7535p / 100g,ONKEN%20NATURAL%20YOGHURT%20450G
50,Koko Greek Style Yogurt 350g,£2.2063p / 100g,ONKEN%20NATURAL%20YOGHURT%20450G
51,Patrón Silver Tequila 70cl,"£40.00with Nectar
£45.00£64.29 / ltr",ONKEN%20NATURAL%20YOGHURT%20450G
52,Pukka Night Time Tea Bags x20,"£4.00with Nectar
£4.75£23.75 / 100g",ONKEN%20NATURAL%20YOGHURT%20450G
53,Pukka Peppermint & Licorice Tea Bags x20,"£4.00with Nectar
£4.75£15.83 / 100g",ONKEN%20NATURAL%20YOGHURT%20450G
54,"Pukka Organic Lemon, Ginger & Manuka Honey Tea Bags x 20","£4.00with Nectar
£4.75£13.19 / 100g",ONKEN%20NATURAL%20YOGHURT%20450G
55,Rude Health Almond Drink 1L,£2.30£2.30 / ltr,RUDE%20HEALTH%20ALMOND%201L
56,Rude Health Almond High Calcium Chilled Drink 1L,£2.30£2.30 / ltr,RUDE%20HEALTH%20ALMOND%201L
57,Rude Health Oat Drink 1L,£2.20£2.20 / ltr,RUDE%20HEALTH%20ALMOND%201L
58,Rude Health Coconut Drink 1L,£2.30£2.30 / ltr,RUDE%20HEALTH%20ALMOND%201L
59,Rude Health Coconut High Calcium Chilled Drink 1L,£2.30£2.30 / ltr,RUDE%20HEALTH%20ALMOND%201L
60,Alpro Almond No Sugars Chilled Drink 1L,"£1.50with Nectar
£2.00£2.00 / ltr",RUDE%20HEALTH%20ALMOND%201L
61,Sainsbury's Unsweetened Almond Drink 1L,99p99p / ltr,RUDE%20HEALTH%20ALMOND%201L
62,Alpro Almond No Sugars Long Life Drink 1L,£2.10£2.10 / ltr,RUDE%20HEALTH%20ALMOND%201L
63,Plenish Organic Almond Dairy Alternative Long Life Drink 1L,£2.25£2.25 / ltr,RUDE%20HEALTH%20ALMOND%201L
64,Sainsbury's Unsweetened Almond Drink 1L,£1.45£1.45 / ltr,RUDE%20HEALTH%20ALMOND%201L
65,Alpro Almond Long Life Drink 1L,£2.10£2.10 / ltr,RUDE%20HEALTH%20ALMOND%201L
66,Sainsbury's Sweetened Almond Drink 1L,99p99p / ltr,RUDE%20HEALTH%20ALMOND%201L
67,Alpro Almond Chilled Drink 1L,"£1.50with Nectar
£2.00£2.00 / ltr",RUDE%20HEALTH%20ALMOND%201L
68,Plenish Organic Almond Dairy Alternative Long Life 1L,"£2.00with Nectar
£2.25£2.25 / ltr",RUDE%20HEALTH%20ALMOND%201L
69,"Sainsbury's Almond Drink, SO Organic 1L",£1.90£1.90 / ltr,RUDE%20HEALTH%20ALMOND%201L
70,Mighty Ultimate Barista Oat Milk Alternative Long Life 1L,£1.90£1.90 / ltr,RUDE%20HEALTH%20ALMOND%201L
71,Biotiful Gut Health Kefir Drink Strawberry 1L,£3.5035p / 100ml,RUDE%20HEALTH%20ALMOND%201L
72,Biotiful Gut Health Kefir Drink Vanilla 1L,£3.5035p / 100ml,RUDE%20HEALTH%20ALMOND%201L
73,Kulfi Ice Original Malai Flavour Kulfi Ice Cream with Real A...,£2.75£4.40 / kg,RUDE%20HEALTH%20ALMOND%201L
74,Plenish Almond Barista 1L,£2.75£2.75 / ltr,RUDE%20HEALTH%20ALMOND%201L
75,Biotiful Kefir Original 1L,£3.5035p / 100ml,RUDE%20HEALTH%20ALMOND%201L
76,James White Beet It Organic Beetroot Juice 1L,£3.1532p / 100ml,RUDE%20HEALTH%20ALMOND%201L
77,Milko Kefir 1L,£1.75£1.75 / ltr,RUDE%20HEALTH%20ALMOND%201L
78,Nexba Naturally Sugar Free Elderflower & Lemon Kombucha 1L,"£2.50with Nectar
£3.0030p / 100ml",RUDE%20HEALTH%20ALMOND%201L
79,Nexba Kombucha Live Naturally Sugar Free Sparkling Probiotic...,"£2.50with Nectar
£3.0030p / 100ml",RUDE%20HEALTH%20ALMOND%201L
80,Actimel Dairy Free Almond Mango Yogurt Drink Alternative 6x1...,£3.7563p / 100g,RUDE%20HEALTH%20ALMOND%201L
81,"Get More Vitamin D, Still Mango & Passionfruit 1L",£2.0020p / 100ml,RUDE%20HEALTH%20ALMOND%201L
82,What a Juice + Vitamin D Orange 1L,£2.5025p / 100ml,RUDE%20HEALTH%20ALMOND%201L
83,What a Juice + Vitamin D Apple 1L,£2.5025p / 100ml,RUDE%20HEALTH%20ALMOND%201L
84,What a Juice + Vitamin D Pink Passion 1L,£2.5025p / 100ml,RUDE%20HEALTH%20ALMOND%201L
85,Eat Natural Raw Protein Packed Peanuts Almond & Cocoa 45g,£1.10£2.44 / 100g,RUDE%20HEALTH%20ALMOND%201L
86,Eat Natural Raw Fruit & Nut Bar Almond Cranberries & Pomegra...,£1.10£2.44 / 100g,RUDE%20HEALTH%20ALMOND%201L
87,Coca-Cola Zero Sugar 24x330ml,£10.7514p / 100ml,RUDE%20HEALTH%20ALMOND%201L
88,Diet Coke 24x330ml,£10.7514p / 100ml,RUDE%20HEALTH%20ALMOND%201L
89,Diet Coke No Caffeine 24x330ml,£10.7514p / 100ml,RUDE%20HEALTH%20ALMOND%201L
90,Red Bull Energy Drink Sugar Free 250ml x8,£8.7544p / 100ml,RUDE%20HEALTH%20ALMOND%201L
91,Jord Organic Chilled Hemp & Oat Drink 1L,£1.90£1.90 / ltr,JORD%20ORGANIC%20OAT%20AND%20HEMP%20DRINK%201L
92,JORD Organic Oat Drink 1L,£1.90£1.90 / ltr,JORD%20ORGANIC%20OAT%20AND%20HEMP%20DRINK%201L
93,Jord Organic Chilled Vanilla & Oat Drink 1L,£1.90£1.90 / ltr,JORD%20ORGANIC%20OAT%20AND%20HEMP%20DRINK%201L
94,Oatly Organic Oat Drink Long Life 1L,£2.15£2.15 / ltr,JORD%20ORGANIC%20OAT%20AND%20HEMP%20DRINK%201L
95,Plenish Organic Oat Dairy Alternative Long Life Drink 1L,£2.25£2.25 / ltr,JORD%20ORGANIC%20OAT%20AND%20HEMP%20DRINK%201L
96,Organic Oat Drink Chilled 1L,£2.20£2.20 / ltr,JORD%20ORGANIC%20OAT%20AND%20HEMP%20DRINK%201L
97,"Sainsbury's Oat Drink, SO Organic 1L",£1.90£1.90 / ltr,JORD%20ORGANIC%20OAT%20AND%20HEMP%20DRINK%201L
98,Plenish Barista Organic Oat Drink Chilled 1L,"£1.20with Nectar
£2.40£2.40 / ltr",JORD%20ORGANIC%20OAT%20AND%20HEMP%20DRINK%201L
99,Plenish Organic Barista Oat 1L,£2.40£2.40 / ltr,JORD%20ORGANIC%20OAT%20AND%20HEMP%20DRINK%201L
100,Plenish Organic Oat Dairy Alternative Long Life 1L,"£1.75with Nectar
£2.00£2.00 / ltr",JORD%20ORGANIC%20OAT%20AND%20HEMP%20DRINK%201L
101,Oatly Oat Drink Barista Edition Long Life 1L,£2.10£2.10 / ltr,JORD%20ORGANIC%20OAT%20AND%20HEMP%20DRINK%201L
102,Sainsbury's Oat Drink 1L,£1.45£1.45 / ltr,JORD%20ORGANIC%20OAT%20AND%20HEMP%20DRINK%201L
103,Alpro No Sugars Chilled Oat Drink 1L,"£1.50with Nectar
£2.00£2.00 / ltr",JORD%20ORGANIC%20OAT%20AND%20HEMP%20DRINK%201L
104,Oatly Oat Drink Whole Chilled 1L,£2.10£2.10 / ltr,JORD%20ORGANIC%20OAT%20AND%20HEMP%20DRINK%201L
105,Oatly Oat Drink Barista Edition Chilled 1L,£2.20£2.20 / ltr,JORD%20ORGANIC%20OAT%20AND%20HEMP%20DRINK%201L
106,Alpro Long Life Oat Drink 1L,£2.10£2.10 / ltr,JORD%20ORGANIC%20OAT%20AND%20HEMP%20DRINK%201L
107,Oatly Oat Drink Semi Chilled 1L,£2.10£2.10 / ltr,JORD%20ORGANIC%20OAT%20AND%20HEMP%20DRINK%201L
108,Califia Farms Oat Drink Barista Blend 1L,£2.10£2.10 / ltr,JORD%20ORGANIC%20OAT%20AND%20HEMP%20DRINK%201L
109,Plenish Organic Almond Dairy Alternative Long Life Drink 1L,£2.25£2.25 / ltr,JORD%20ORGANIC%20OAT%20AND%20HEMP%20DRINK%201L
110,Alpro No Sugars Organic Soya Long Life Drink 1L,£2.10£2.10 / ltr,JORD%20ORGANIC%20OAT%20AND%20HEMP%20DRINK%201L
111,Rude Health Oat Drink 1L,£2.20£2.20 / ltr,JORD%20ORGANIC%20OAT%20AND%20HEMP%20DRINK%201L
112,MOMA Original Oat Drink Unsweetened 1L,£1.80£1.80 / ltr,JORD%20ORGANIC%20OAT%20AND%20HEMP%20DRINK%201L
113,MOMA Barista Oat Drink Unsweetened 1L,£2.10£2.10 / ltr,JORD%20ORGANIC%20OAT%20AND%20HEMP%20DRINK%201L
114,Alpro Chilled Oat Drink 1L,"£1.50with Nectar
£2.00£2.00 / ltr",JORD%20ORGANIC%20OAT%20AND%20HEMP%20DRINK%201L
115,Alpro Barista Long Life Oat Drink 1L,"£1.50with Nectar
£2.05£2.05 / ltr",JORD%20ORGANIC%20OAT%20AND%20HEMP%20DRINK%201L
116,Oatly Oat Drink Chocolate Long Life 1L,£1.90£1.90 / ltr,JORD%20ORGANIC%20OAT%20AND%20HEMP%20DRINK%201L
117,Oatly Oat Drink Light Chilled 1L,£2.10£2.10 / ltr,JORD%20ORGANIC%20OAT%20AND%20HEMP%20DRINK%201L
118,Plenish Organic Cashew Dairy Alternative Long Life Drink 1L,£2.25£2.25 / ltr,JORD%20ORGANIC%20OAT%20AND%20HEMP%20DRINK%201L
119,Oatly Whole Long Life Oat Drink 1L,£2.00£2.00 / ltr,JORD%20ORGANIC%20OAT%20AND%20HEMP%20DRINK%201L
120,Oatly Oat Drink No Sugars Chilled 1L,£2.10£2.10 / ltr,JORD%20ORGANIC%20OAT%20AND%20HEMP%20DRINK%201L
121,Califia Farms Original Oat Drink 1L,£2.10£2.10 / ltr,JORD%20ORGANIC%20OAT%20AND%20HEMP%20DRINK%201L
122,Oatly Oat Drink Chocolate Deluxe Chilled 1L,£2.20£2.20 / ltr,JORD%20ORGANIC%20OAT%20AND%20HEMP%20DRINK%201L
123,Oatly No Sugars Long Life Oat Drink 1L,£2.00£2.00 / ltr,JORD%20ORGANIC%20OAT%20AND%20HEMP%20DRINK%201L
124,Oatly Light Long Life Oat Drink 1L,£2.00£2.00 / ltr,JORD%20ORGANIC%20OAT%20AND%20HEMP%20DRINK%201L
125,"Sainsbury's Almond Drink, SO Organic 1L",£1.90£1.90 / ltr,JORD%20ORGANIC%20OAT%20AND%20HEMP%20DRINK%201L
126,Plenish Organic Coconut Milk 1L,£2.25£2.25 / ltr,JORD%20ORGANIC%20OAT%20AND%20HEMP%20DRINK%201L
127,Mighty Oat Based Whole Not Milk Alternative 1L,"£1.35with Nectar
£1.90£1.90 / ltr",JORD%20ORGANIC%20OAT%20AND%20HEMP%20DRINK%201L
128,"Califia Farms Oat Pumpkin Spice Barista Blend, Limited Editi...",£2.30£2.30 / ltr,JORD%20ORGANIC%20OAT%20AND%20HEMP%20DRINK%201L
129,Plenish Organic Almond Dairy Alternative Long Life 1L,"£2.00with Nectar
£2.25£2.25 / ltr",JORD%20ORGANIC%20OAT%20AND%20HEMP%20DRINK%201L
130,Mighty Oat Based Semi Skimmed Not Milk Alternative 1L,"£1.35with Nectar
£1.90£1.90 / ltr",JORD%20ORGANIC%20OAT%20AND%20HEMP%20DRINK%201L
131,Alpro No Sugars Long Life Oat Drink 1L,£2.30£2.30 / ltr,JORD%20ORGANIC%20OAT%20AND%20HEMP%20DRINK%201L
132,Oatly Semi Oat Drink Long Life 1L,£2.00£2.00 / ltr,JORD%20ORGANIC%20OAT%20AND%20HEMP%20DRINK%201L
133,Alpro Oat Growing Up Long Life Drink 1L,£1.95£1.95 / ltr,JORD%20ORGANIC%20OAT%20AND%20HEMP%20DRINK%201L
134,Oatly Oat Drink Vanilla Flavour Long Life 1L,£1.80£1.80 / ltr,JORD%20ORGANIC%20OAT%20AND%20HEMP%20DRINK%201L
135,Califia Farms Oat Drink Barista Blend 1L,£2.10£2.10 / ltr,JORD%20ORGANIC%20OAT%20AND%20HEMP%20DRINK%201L
136,Yeo Valley Organic Free Range Semi Skimmed Milk 1L,£1.60£1.60 / ltr,JORD%20ORGANIC%20OAT%20AND%20HEMP%20DRINK%201L
137,Yeo Valley Organic Free Range Whole Milk 1L,£1.60£1.60 / ltr,JORD%20ORGANIC%20OAT%20AND%20HEMP%20DRINK%201L
138,"Sainsbury's Orange Juice, SO Organic 1L",£3.3033p / 100ml,JORD%20ORGANIC%20OAT%20AND%20HEMP%20DRINK%201L
139,Mighty Ultimate Barista Oat Milk Alternative Long Life 1L,£1.90£1.90 / ltr,JORD%20ORGANIC%20OAT%20AND%20HEMP%20DRINK%201L
140,James White Beet It Organic Beetroot Juice 1L,£3.1532p / 100ml,JORD%20ORGANIC%20OAT%20AND%20HEMP%20DRINK%201L
141,"Sainsbury's Apple Juice, SO Organic 1L",£3.3033p / 100ml,JORD%20ORGANIC%20OAT%20AND%20HEMP%20DRINK%201L
142,"Graham's Whole Milk, Organic 1L",£1.50£1.50 / ltr,JORD%20ORGANIC%20OAT%20AND%20HEMP%20DRINK%201L
143,Jörd Strawberry Oat Yoghurt Alternative 400g,£2.2556p / 100g,JORD%20ORGANIC%20OAT%20AND%20HEMP%20DRINK%201L
144,Jörd Vanilla Oat Yoghurt Alternative 400g,£2.2556p / 100g,JORD%20ORGANIC%20OAT%20AND%20HEMP%20DRINK%201L
145,Coca-Cola Zero Sugar 24x330ml,£10.7514p / 100ml,JORD%20ORGANIC%20OAT%20AND%20HEMP%20DRINK%201L
146,Diet Coke 24x330ml,£10.7514p / 100ml,JORD%20ORGANIC%20OAT%20AND%20HEMP%20DRINK%201L
147,Diet Coke No Caffeine 24x330ml,£10.7514p / 100ml,JORD%20ORGANIC%20OAT%20AND%20HEMP%20DRINK%201L
148,Red Bull Energy Drink Sugar Free 250ml x4,"£3.75with Nectar
£4.5546p / 100ml",JORD%20ORGANIC%20OAT%20AND%20HEMP%20DRINK%201L
149,East End Pure Butter Ghee for Cooking 500g,£5.50£1.10 / 100g,EAST%20END%20GHEE%20500G
150,East End Premium Gold Chakki Stoneground Wholewheat Chapatti...,£10.70£2.14 / kg,EAST%20END%20GHEE%20500G
151,Schweppes Slimline Tonic Water 1L,"£1.30with Nectar
£1.7518p / 100ml",EAST%20END%20GHEE%20500G
152,Coca-Cola Zero Sugar 24x330ml,£10.7514p / 100ml,EAST%20END%20GHEE%20500G
153,Diet Coke 24x330ml,£10.7514p / 100ml,EAST%20END%20GHEE%20500G
154,Schweppes Slimline Tonic Water 12x150ml,"£3.75with Nectar
£5.5531p / 100ml",EAST%20END%20GHEE%20500G
155,Apetina Paneer Cheese 225g,£2.00£8.89 / kg,APETINA%20PANEER%20%20225G
156,Nurishh Camembert Flavour Vegan Cheese Alternative 140g,"£2.00with Nectar
£3.50£23.33 / kg",APETINA%20PANEER%20%20225G
157,Nurishh Plant Based Cubes Greek Style 150g,"£2.00with Nectar
£2.70£18.00 / kg",APETINA%20PANEER%20%20225G
158,Nurishh Grated Gran Vegiano 150G,£3.50£23.33 / kg,APETINA%20PANEER%20%20225G
159,Nurishh Vegan Cheddar Style Slices Vegan Cheese Alternative ...,£2.50£12.50 / kg,APETINA%20PANEER%20%20225G
160,Viakal Classic Limescale Remover Liquid 500ml,"£2.50with Nectar
£3.00£6.00 / ltr",VIAKAL%20CLASSIC%20500ML
161,Viakal Limescale Remover Disinfectant Spray 500ml,£3.50£7.00 / ltr,VIAKAL%20CLASSIC%20500ML
162,Viakal Classic Bathroom Limescale Remover Spray 750ml,"£4.00with Nectar
£4.50£6.00 / ltr",VIAKAL%20CLASSIC%20500ML
163,Classic Ales Mixed Pack x6 500ml,£11.50£3.83 / ltr,VIAKAL%20CLASSIC%20500ML
164,Febreze Fabric Freshener Spray Classic 500ml,£3.00£6.00 / ltr,VIAKAL%20CLASSIC%20500ML
165,itsu Brilliant' Broth Classic Ramen 500ml,£2.6553p / 100ml,VIAKAL%20CLASSIC%20500ML
166,Pantene Pro-V Classic Clean Shampoo for Normal to Mixed Hair...,£4.5090p / 100ml,VIAKAL%20CLASSIC%20500ML
167,Fever-Tree Classic Mojito Mixer 500ml,"£4.00with Nectar
£4.5090p / 100ml",VIAKAL%20CLASSIC%20500ML
168,Diet Coke 24x330ml,£10.7514p / 100ml,VIAKAL%20CLASSIC%20500ML
169,Schweppes Slimline Tonic Water 12x150ml,"£3.75with Nectar
£5.5531p / 100ml",VIAKAL%20CLASSIC%20500ML
170,Coca-Cola Zero Sugar 24x330ml,£10.7514p / 100ml,VIAKAL%20CLASSIC%20500ML
171,Schweppes Slimline Tonic Water 1L,"£1.30with Nectar
£1.7518p / 100ml",VIAKAL%20CLASSIC%20500ML
172,Quaker Porridge Oats 1kg,£2.7528p / 100g,QUAKER%20ROLLED%20OATS%201KG
173,Quaker Jumbo Porridge Oats 1kg,£2.9530p / 100g,QUAKER%20ROLLED%20OATS%201KG
174,Sainsbury's Scottish Porridge Oats 1kg,£1.2513p / 100g,QUAKER%20ROLLED%20OATS%201KG
175,Daily's Porridge Oats 1kg,90p9p / 100g,QUAKER%20ROLLED%20OATS%201KG
176,Scott's Porage Original Porridge Oats 1kg,"£2.00with Nectar
£2.7528p / 100g",QUAKER%20ROLLED%20OATS%201KG
177,Scott's Porage Old Fashioned Porridge Oats 1kg,"£2.00with Nectar
£2.9530p / 100g",QUAKER%20ROLLED%20OATS%201KG
178,Sainsbury's Scottish Porridge Oats With Wheatbran & Oatbran ...,£1.3013p / 100g,QUAKER%20ROLLED%20OATS%201KG
179,Quaker Rolled Porridge Oats 500g,£1.5030p / 100g,QUAKER%20ROLLED%20OATS%201KG
180,Patrón Silver Tequila 70cl,"£40.00with Nectar
£45.00£64.29 / ltr",QUAKER%20ROLLED%20OATS%201KG
181,Kellogg's Special K Red Berries Breakfast Cereal 500g,£4.0080p / 100g,QUAKER%20ROLLED%20OATS%201KG
182,Kellogg's Special K Original Breakfast Cereal 750g,£4.0053p / 100g,QUAKER%20ROLLED%20OATS%201KG
183,Kellogg's Corn Flakes Breakfast Cereal 1kg,£4.0040p / 100g,QUAKER%20ROLLED%20OATS%201KG
184,Andrex Classic Clean Toilet Roll 9 Rolls,£5.9535p / 100sht,TOILET%20ROLL%209
185,Andrex Supreme Quilts Toilet Roll 9 Rolls,"£5.50with Nectar
£6.5047p / 100sht",TOILET%20ROLL%209
186,Stamford Street Co. Superior Toilet Tissue Double Rolls 9 Eq...,£4.9017p / 100sht,TOILET%20ROLL%209
187,Cushelle Original 50% Longer Lasting Toilet Tissue 6 Equals ...,£6.2539p / 100sht,TOILET%20ROLL%209
188,Cushelle Quilted 50% Longer Lasting Toilet Tissue 6 Equals 9...,"£5.25with Nectar
£6.7548p / 100sht",TOILET%20ROLL%209
189,Cushelle Quilted 50% Longer Lasting Toilet Tissue 12 Equals ...,£13.2547p / 100sht,TOILET%20ROLL%209
190,Cushelle Original 50% Longer Lasting Toilet Tissue 12 Equals...,"£9.50with Nectar
£11.8537p / 100sht",TOILET%20ROLL%209
191,Persil Non Bio 3 in 1 Sensitive Laundry Detergent Washing Ca...,£12.50£9.26 / kg,TOILET%20ROLL%209
192,Persil Laundry Washing Liquid Detergent Non Bio 53 Washes 1....,£9.00£6.29 / ltr,TOILET%20ROLL%209
193,"Twinings Peppermint Tea, 20 Tea Bags",£2.25£5.63 / 100g,"TWININGS%20PEPPERMINT%20TEA,%2080%20TEA%20BAGS"
194,"Twinings Peppermint Tea, 80 Tea Bags","£4.00with Nectar
£5.00£3.13 / 100g","TWININGS%20PEPPERMINT%20TEA,%2080%20TEA%20BAGS"
195,"Twinings BioBlends Soothing Peppermint, Fennel & Spearmint T...",£4.00£11.11 / 100g,"TWININGS%20PEPPERMINT%20TEA,%2080%20TEA%20BAGS"
196,Twinings Superblends Metabolism Peppermint with Spiced Green...,£3.50£8.75 / 100g,"TWININGS%20PEPPERMINT%20TEA,%2080%20TEA%20BAGS"
197,Twinings Organic Pure Peppermint Tea Bags 40g x20,£3.00£7.50 / 100g,"TWININGS%20PEPPERMINT%20TEA,%2080%20TEA%20BAGS"
198,Sainsbury's Infusions Peppermint Tea Bags x20,95p£2.38 / 100g,"TWININGS%20PEPPERMINT%20TEA,%2080%20TEA%20BAGS"
199,Sainsbury's Infusions Peppermint Tea Bags x80,£2.90£1.81 / 100g,"TWININGS%20PEPPERMINT%20TEA,%2080%20TEA%20BAGS"
200,Pukka Peppermint & Licorice Tea Bags x20,"£4.00with Nectar
£4.75£15.83 / 100g","TWININGS%20PEPPERMINT%20TEA,%2080%20TEA%20BAGS"
201,"Twinings Superblends Sleep with Spiced Apple & Camomile, 20 ...",£3.50£11.67 / 100g,"TWININGS%20PEPPERMINT%20TEA,%2080%20TEA%20BAGS"
202,Teapigs Peppermint Leaves Tea Bags x15,£4.75£15.83 / 100g,"TWININGS%20PEPPERMINT%20TEA,%2080%20TEA%20BAGS"
203,"Twinings Lemon & Ginger Tea, 20 Tea Bags",£2.25£7.50 / 100g,"TWININGS%20PEPPERMINT%20TEA,%2080%20TEA%20BAGS"
204,"Twinings Camomile & Honey Tea, 20 Tea Bags",£2.25£7.50 / 100g,"TWININGS%20PEPPERMINT%20TEA,%2080%20TEA%20BAGS"
205,"Twinings Lemon & Ginger Tea, 80 Tea Bags","£4.00with Nectar
£5.00£4.17 / 100g","TWININGS%20PEPPERMINT%20TEA,%2080%20TEA%20BAGS"
206,Twinings Superblends Immune Support Blackcurrant & Raspberry...,£3.50£8.75 / 100g,"TWININGS%20PEPPERMINT%20TEA,%2080%20TEA%20BAGS"
207,"Twinings Spiced Ginger Tea, 20 Tea Bags",£2.25£6.43 / 100g,"TWININGS%20PEPPERMINT%20TEA,%2080%20TEA%20BAGS"
208,"Twinings Superblends Detox with Lemon, Ginger & Fennel, 20 T...",£3.50£8.75 / 100g,"TWININGS%20PEPPERMINT%20TEA,%2080%20TEA%20BAGS"
209,"Twinings Fennel Tea, 20 Tea Bags",£2.25£5.63 / 100g,"TWININGS%20PEPPERMINT%20TEA,%2080%20TEA%20BAGS"
210,"Twinings Cranberry & Raspberry Tea, 20 Tea Bags",£2.25£5.63 / 100g,"TWININGS%20PEPPERMINT%20TEA,%2080%20TEA%20BAGS"
211,"Twinings Camomile Tea, 20 Tea Bags",£2.25£7.50 / 100g,"TWININGS%20PEPPERMINT%20TEA,%2080%20TEA%20BAGS"
212,"Twinings Raspberry & Lemon Fruit Tea, 20 Tea Bags","£2.00with Nectar
£2.80£7.00 / 100g","TWININGS%20PEPPERMINT%20TEA,%2080%20TEA%20BAGS"
213,"Twinings Superblends Glow with Strawberry, Cucumber & Green ...",£3.50£8.75 / 100g,"TWININGS%20PEPPERMINT%20TEA,%2080%20TEA%20BAGS"
214,"Twinings Strawberry & Raspberry Tea, 20 Tea Bags",£2.25£5.63 / 100g,"TWININGS%20PEPPERMINT%20TEA,%2080%20TEA%20BAGS"
215,"Twinings Pure Camomile Tea, 80 Tea Bags","£4.00with Nectar
£5.00£4.17 / 100g","TWININGS%20PEPPERMINT%20TEA,%2080%20TEA%20BAGS"
216,Twinings Superblends Sleep Valerian & Orange Blossom Tea Bag...,£3.50£11.67 / 100g,"TWININGS%20PEPPERMINT%20TEA,%2080%20TEA%20BAGS"
217,"Twinings Superblends Digest with Spearmint, Apple & Rooibos,...",£3.50£10.00 / 100g,"TWININGS%20PEPPERMINT%20TEA,%2080%20TEA%20BAGS"
218,"Twinings Superblends Defence with Citrus, Ginger & Green Tea...",£3.50£8.75 / 100g,"TWININGS%20PEPPERMINT%20TEA,%2080%20TEA%20BAGS"
219,"Twinings Superblends Calm with Spiced Camomile & Vanilla, 20...",£3.50£11.67 / 100g,"TWININGS%20PEPPERMINT%20TEA,%2080%20TEA%20BAGS"
220,Twinings Spicy Chai Plant-Based Tea Bags 100g x40,£2.80£2.80 / 100g,"TWININGS%20PEPPERMINT%20TEA,%2080%20TEA%20BAGS"
221,Twinings Blood Orange & Cranberry with Juicy Pomegranate Tea...,"£2.00with Nectar
£2.80£7.00 / 100g","TWININGS%20PEPPERMINT%20TEA,%2080%20TEA%20BAGS"
222,"Twinings BioBlends Warming Lemon, Ginger & Turmeric Tea Bags...",£4.00£14.81 / 100g,"TWININGS%20PEPPERMINT%20TEA,%2080%20TEA%20BAGS"
223,"Twinings Superblends Focus with Mango & Pineapple, 20 Tea Ba...",£3.50£11.67 / 100g,"TWININGS%20PEPPERMINT%20TEA,%2080%20TEA%20BAGS"
224,"Twinings Superblends Turmeric with Orange & Star Anise, 20 T...",£3.50£8.75 / 100g,"TWININGS%20PEPPERMINT%20TEA,%2080%20TEA%20BAGS"
225,"Twinings Peach & Orange Fruit Tea, 20 Tea Bags","£2.00with Nectar
£2.80£7.00 / 100g","TWININGS%20PEPPERMINT%20TEA,%2080%20TEA%20BAGS"
226,"Twinings Superblends Heartea with Blackcurrant, Rosemary & H...",£3.50£8.75 / 100g,"TWININGS%20PEPPERMINT%20TEA,%2080%20TEA%20BAGS"
227,Twinings Soulful Blends Quiet Mind 20 Plant-Based Tea Bags 4...,£3.50£8.75 / 100g,"TWININGS%20PEPPERMINT%20TEA,%2080%20TEA%20BAGS"
228,Twinings Superblends Digest Ginger & Turmeric with Fig Tea B...,£3.50£8.75 / 100g,"TWININGS%20PEPPERMINT%20TEA,%2080%20TEA%20BAGS"
229,"Twinings Decaffeinated Green Tea, 20 Tea Bags",£2.25£5.63 / 100g,"TWININGS%20PEPPERMINT%20TEA,%2080%20TEA%20BAGS"
230,Twinings Mango & Strawberry with Zesty Lime Tea Bags x20 50g,"£2.00with Nectar
£2.80£5.60 / 100g","TWININGS%20PEPPERMINT%20TEA,%2080%20TEA%20BAGS"
231,Twinings Buttermint Tea Bags x20 40g,£2.25£5.63 / 100g,"TWININGS%20PEPPERMINT%20TEA,%2080%20TEA%20BAGS"
232,Twinings Superblends Menopause Cool Moments Plant-Based Tea ...,£3.50£8.75 / 100g,"TWININGS%20PEPPERMINT%20TEA,%2080%20TEA%20BAGS"
233,Twinings Superblends Super Green Matcha Plant-Based Tea Bags...,£3.50£8.75 / 100g,"TWININGS%20PEPPERMINT%20TEA,%2080%20TEA%20BAGS"
234,Twinings BioBlends Gentle Camomile & Linden with a Hint of C...,£4.00£14.81 / 100g,"TWININGS%20PEPPERMINT%20TEA,%2080%20TEA%20BAGS"
235,Twinings Soulful Blends Reset 20 Plant-Based Tea Bags 34g,£3.50£10.29 / 100g,"TWININGS%20PEPPERMINT%20TEA,%2080%20TEA%20BAGS"
236,Twinings Organic Pure Camomile Tea Bags 30g x20,£3.00£10.00 / 100g,"TWININGS%20PEPPERMINT%20TEA,%2080%20TEA%20BAGS"
237,Twinings Superblends Time to Unwind Strawberry & Camomile wi...,£3.50£8.75 / 100g,"TWININGS%20PEPPERMINT%20TEA,%2080%20TEA%20BAGS"
238,Twinings Superblends Sweet Dreams Plant Based Tea Bags x20 4...,£3.50£8.75 / 100g,"TWININGS%20PEPPERMINT%20TEA,%2080%20TEA%20BAGS"
239,"Twinings Superblends Balance Rose, Lemon Verbena & Lemon Bal...",£3.50£10.94 / 100g,"TWININGS%20PEPPERMINT%20TEA,%2080%20TEA%20BAGS"
240,Twinings Superblends Sleep Plant-Based Tea Bags 60g x40,£5.30£8.83 / 100g,"TWININGS%20PEPPERMINT%20TEA,%2080%20TEA%20BAGS"
241,Twinings BioBlends Golden English Breakfast Tea Tea Bags x18...,£4.00£8.89 / 100g,"TWININGS%20PEPPERMINT%20TEA,%2080%20TEA%20BAGS"
242,Twinings Soulful Blends Little Lift 20 Plant-Based Tea Bags ...,£3.50£9.72 / 100g,"TWININGS%20PEPPERMINT%20TEA,%2080%20TEA%20BAGS"
243,Twinings Superblends Cleanse Matcha Plant-Based Tea Bags 40g...,£3.50£8.75 / 100g,"TWININGS%20PEPPERMINT%20TEA,%2080%20TEA%20BAGS"
244,Twinings Soulful Blends Revitalise 20 Plant-Based Tea Bags 3...,£3.50£10.29 / 100g,"TWININGS%20PEPPERMINT%20TEA,%2080%20TEA%20BAGS"
245,Twinings Soulful Blends Pause 20 Plant-Based Tea Bags 36g,£3.50£9.72 / 100g,"TWININGS%20PEPPERMINT%20TEA,%2080%20TEA%20BAGS"
246,Twinings Favourites Collection Gift Box x40 Tea Bags,£15.00£18.75 / 100g,"TWININGS%20PEPPERMINT%20TEA,%2080%20TEA%20BAGS"
247,Twinings Soulful Blends Peace 20 Plant-Based Tea Bags 40g,£3.50£8.75 / 100g,"TWININGS%20PEPPERMINT%20TEA,%2080%20TEA%20BAGS"
248,Twinings Superblends Wellbeing Collection Teabags 37g x20,£3.50£9.46 / 100g,"TWININGS%20PEPPERMINT%20TEA,%2080%20TEA%20BAGS"
249,Twinings Superblends Wind Down Collection 33.2g x20,£3.50£10.61 / 100g,"TWININGS%20PEPPERMINT%20TEA,%2080%20TEA%20BAGS"
250,"Twinings Cold In’fuse Watermelon, Strawberry & Lemon, 12 Inf...",£2.95£9.83 / 100g,"TWININGS%20PEPPERMINT%20TEA,%2080%20TEA%20BAGS"
251,"Twinings Cold In’fuse Passionfruit, Mango & Orange, 12 Infus...",£2.95£9.83 / 100g,"TWININGS%20PEPPERMINT%20TEA,%2080%20TEA%20BAGS"
252,Linwoods Milled Organic Flaxseed 425g,£5.80£13.65 / kg,"LINWOODS%20MILLED%20ORGANIC%20FLAXSEED,%20SUNFLOWER%20&%20PUMPKIN%20SEEDS%20"
253,"Linwoods Organic Cold Milled Flaxseed, Sunflower, Pumpkin & ...","£5.00with Nectar
£6.00£14.12 / kg","LINWOODS%20MILLED%20ORGANIC%20FLAXSEED,%20SUNFLOWER%20&%20PUMPKIN%20SEEDS%20"
254,Linwoods Organic Cold Milled Flaxseed 200g,"£3.00with Nectar
£3.65£18.25 / kg","LINWOODS%20MILLED%20ORGANIC%20FLAXSEED,%20SUNFLOWER%20&%20PUMPKIN%20SEEDS%20"
255,"Linwoods Milled Flaxseed, Walnuts, Brazil Nuts, Almonds & Q1...",£5.80£16.11 / kg,"LINWOODS%20MILLED%20ORGANIC%20FLAXSEED,%20SUNFLOWER%20&%20PUMPKIN%20SEEDS%20"
256,Yum & Yay Glorious Milled Golden Flaxseed 200g,£2.00£1.00 / 100g,"LINWOODS%20MILLED%20ORGANIC%20FLAXSEED,%20SUNFLOWER%20&%20PUMPKIN%20SEEDS%20"
257,Linwoods Milled Chia Seed 200g,£5.25£26.25 / kg,"LINWOODS%20MILLED%20ORGANIC%20FLAXSEED,%20SUNFLOWER%20&%20PUMPKIN%20SEEDS%20"
258,Granovita Organic Flaxseed Oil 260ml,£5.20£2.00 / 100ml,"LINWOODS%20MILLED%20ORGANIC%20FLAXSEED,%20SUNFLOWER%20&%20PUMPKIN%20SEEDS%20"
259,Pukka Night Time Tea Bags x20,"£4.00with Nectar
£4.75£23.75 / 100g","LINWOODS%20MILLED%20ORGANIC%20FLAXSEED,%20SUNFLOWER%20&%20PUMPKIN%20SEEDS%20"
260,Pukka Organic Lemongrass & Ginger Herbal Tea Sachets x20 36g,"£4.00with Nectar
£4.75£13.19 / 100g","LINWOODS%20MILLED%20ORGANIC%20FLAXSEED,%20SUNFLOWER%20&%20PUMPKIN%20SEEDS%20"
261,Pukka Organic Supreme Matcha Green x20 Tea Bags 30g,"£4.00with Nectar
£4.75£15.83 / 100g","LINWOODS%20MILLED%20ORGANIC%20FLAXSEED,%20SUNFLOWER%20&%20PUMPKIN%20SEEDS%20"
262,Pukka Peppermint & Licorice Tea Bags x20,"£4.00with Nectar
£4.75£15.83 / 100g","LINWOODS%20MILLED%20ORGANIC%20FLAXSEED,%20SUNFLOWER%20&%20PUMPKIN%20SEEDS%20"
263,"Sainsbury's Medjool Dates, Taste the Difference 500g","£4.00with Nectar
£5.25£10.50 / kg",MEDJOOL%20DATES%20500G
264,"Sainsbury's Medjool Dates, Taste the Difference 200g",£2.50£12.50 / kg,MEDJOOL%20DATES%20500G
265,"Sainsbury's Medjool Dates, SO Organic 200g",£2.50£12.50 / kg,MEDJOOL%20DATES%20500G
266,Sainsbury's Monkey Nuts in Shell 500g,£2.50£5.00 / kg,MEDJOOL%20DATES%20500G
267,Schweppes Slimline Tonic Water 1L,"£1.30with Nectar
£1.7518p / 100ml",MEDJOOL%20DATES%20500G
268,Coca-Cola Zero Sugar 24x330ml,£10.7514p / 100ml,MEDJOOL%20DATES%20500G
269,Diet Coke 24x330ml,£10.7514p / 100ml,MEDJOOL%20DATES%20500G
270,Schweppes Slimline Tonic Water 12x150ml,"£3.75with Nectar
£5.5531p / 100ml",MEDJOOL%20DATES%20500G
271,Sainsbury's Fairtrade Bananas Loose,90p / kg90p / kg,FAIRTRADE%20BANANAS%205
272,Sainsbury's Fairtrade Bananas x5,78p16p / ea,FAIRTRADE%20BANANAS%205
273,Sainsbury's Fairtrade Bananas x8,£1.2516p / ea,FAIRTRADE%20BANANAS%205
274,"Sainsbury's Small Bananas, Fairtrade x8",£1.0013p / ea,FAIRTRADE%20BANANAS%205
275,"Sainsbury's Fairtrade Bananas, SO Organic x6",£1.3523p / ea,FAIRTRADE%20BANANAS%205
276,Pukka Night Time Tea Bags x20,"£4.00with Nectar
£4.75£23.75 / 100g",FAIRTRADE%20BANANAS%205
277,Pukka Peppermint & Licorice Tea Bags x20,"£4.00with Nectar
£4.75£15.83 / 100g",FAIRTRADE%20BANANAS%205
278,"Pukka Organic Lemon, Ginger & Manuka Honey Tea Bags x 20","£4.00with Nectar
£4.75£13.19 / 100g",FAIRTRADE%20BANANAS%205
279,Pukka Chamomile Vanilla & Manuka Honey Tea Bags x20,"£4.00with Nectar
£4.75£9.90 / 100g",FAIRTRADE%20BANANAS%205
280,Sainsbury's British Semi Skimmed Milk 2.27L (4 pint),£1.4564p / ltr,BRITISH%20SEMI%20SKIMMED%20MILK%201.136L
281,Sainsbury's British Semi Skimmed Milk 1.13L (2 pint),£1.20£1.06 / ltr,BRITISH%20SEMI%20SKIMMED%20MILK%201.136L
282,Sainsbury's British Semi Skimmed Milk 3.4L (6 pint),£2.1563p / ltr,BRITISH%20SEMI%20SKIMMED%20MILK%201.136L
283,"Sainsbury's British Semi Skimmed Milk, SO Organic 2.27L (4 p...",£2.0088p / ltr,BRITISH%20SEMI%20SKIMMED%20MILK%201.136L
284,Sainsbury's British Filtered Semi Skimmed Milk 2L,£1.5980p / ltr,BRITISH%20SEMI%20SKIMMED%20MILK%201.136L
285,Sainsbury's British Semi Skimmed Milk 1 Pint,90p£1.58 / ltr,BRITISH%20SEMI%20SKIMMED%20MILK%201.136L
286,"Sainsbury's British Semi Skimmed Milk, SO Organic 1.13L (2 p...",£1.50£1.32 / ltr,BRITISH%20SEMI%20SKIMMED%20MILK%201.136L
287,"Sainsbury's Skimmed British Milk, SO Organic 1.136L",£1.50£1.32 / ltr,BRITISH%20SEMI%20SKIMMED%20MILK%201.136L
288,"Sainsbury's British Semi Skimmed Milk, SO Organic 568ml (1 p...",£1.00£1.76 / ltr,BRITISH%20SEMI%20SKIMMED%20MILK%201.136L
289,Cravendale Filtered Fresh Semi Skimmed Milk 2L Fresher for L...,£2.30£1.15 / ltr,BRITISH%20SEMI%20SKIMMED%20MILK%201.136L
290,Cravendale Filtered Fresh Semi Skimmed Milk Fresher for Long...,£1.45£1.45 / ltr,BRITISH%20SEMI%20SKIMMED%20MILK%201.136L
291,Sainsbury's British Skimmed Milk 2.27L (4 pint),£1.4564p / ltr,BRITISH%20SEMI%20SKIMMED%20MILK%201.136L
292,Sainsbury's British Skimmed Milk 1.13L (2 pint),£1.20£1.06 / ltr,BRITISH%20SEMI%20SKIMMED%20MILK%201.136L
293,Arla Bob Skimmed Milk Tastes like Semi Skimmed 2L,£2.30£1.15 / ltr,BRITISH%20SEMI%20SKIMMED%20MILK%201.136L
294,Arla Lactofree Semi Skimmed Milk Drink 1L,"£1.35with Nectar
£1.85£1.85 / ltr",BRITISH%20SEMI%20SKIMMED%20MILK%201.136L
295,Sainsbury's British Skimmed Milk 568ml (1 pint),90p£1.58 / ltr,BRITISH%20SEMI%20SKIMMED%20MILK%201.136L
296,Cravendale Filtered Fresh Semi Skimmed Milk Fresher for Long...,£3.40£1.13 / ltr,BRITISH%20SEMI%20SKIMMED%20MILK%201.136L
297,Yeo Valley Organic Free Range Semi Skimmed Milk 1L,£1.60£1.60 / ltr,BRITISH%20SEMI%20SKIMMED%20MILK%201.136L
298,St Helen's Farm Semi Skimmed Goats Milk 1L,£2.15£2.15 / ltr,BRITISH%20SEMI%20SKIMMED%20MILK%201.136L
299,Yeo Valley Organic Fresh Semi Skimmed Milk 2L,"£2.00with Nectar
£2.50£1.25 / ltr",BRITISH%20SEMI%20SKIMMED%20MILK%201.136L
300,Arla Lactofree Semi Skimmed Milk Drink 2L,£2.75£1.38 / ltr,BRITISH%20SEMI%20SKIMMED%20MILK%201.136L
301,Cravendale Filtered Fresh Semi Skimmed Milk Fresher for Long...,60p£2.40 / ltr,BRITISH%20SEMI%20SKIMMED%20MILK%201.136L
302,Arla BOB Semi Skimmed Milk That Tastes Like Whole 2L,£2.30£1.15 / ltr,BRITISH%20SEMI%20SKIMMED%20MILK%201.136L
303,Cravendale Filtered Fresh Skimmed Milk Fresher for Longer 2L,£2.30£1.15 / ltr,BRITISH%20SEMI%20SKIMMED%20MILK%201.136L
304,Pukka Night Time Tea Bags x20,"£4.00with Nectar
£4.75£23.75 / 100g",BRITISH%20SEMI%20SKIMMED%20MILK%201.136L
305,Pukka Peppermint & Licorice Tea Bags x20,"£4.00with Nectar
£4.75£15.83 / 100g",BRITISH%20SEMI%20SKIMMED%20MILK%201.136L
306,"Pukka Organic Lemon, Ginger & Manuka Honey Tea Bags x 20","£4.00with Nectar
£4.75£13.19 / 100g",BRITISH%20SEMI%20SKIMMED%20MILK%201.136L
307,Pukka Chamomile Vanilla & Manuka Honey Tea Bags x20,"£4.00with Nectar
£4.75£9.90 / 100g",BRITISH%20SEMI%20SKIMMED%20MILK%201.136L
308,Sainsbury's Extra Fine Beans 200g,"£1.20with Nectar
£1.50£7.50 / kg",EXTRA%20FINE%20BEANS%20200G
309,Sainsbury's Fine Green Beans 200g,"90pwith Nectar
£1.25£6.25 / kg",EXTRA%20FINE%20BEANS%20200G
310,Sainsbury's Fine Beans & Tenderstem Broccoli 200g,£2.15£10.75 / kg,EXTRA%20FINE%20BEANS%20200G
311,Schweppes Slimline Tonic Water 1L,"£1.30with Nectar
£1.7518p / 100ml",EXTRA%20FINE%20BEANS%20200G
312,Coca-Cola Zero Sugar 24x330ml,£10.7514p / 100ml,EXTRA%20FINE%20BEANS%20200G
313,Diet Coke 24x330ml,£10.7514p / 100ml,EXTRA%20FINE%20BEANS%20200G
314,Schweppes Slimline Tonic Water 12x150ml,"£3.75with Nectar
£5.5531p / 100ml",EXTRA%20FINE%20BEANS%20200G
315,Sainsbury's Satsumas 600g,£1.35£2.25 / kg,EASY%20PEELER%20ORANGES
316,Sainsbury's Tangerines 600g,£1.50£2.50 / kg,EASY%20PEELER%20ORANGES
317,"Sainsbury's Easy Peelers, Taste the Difference 600g","£1.00with Nectar
£2.00£3.33 / kg",EASY%20PEELER%20ORANGES
318,Sainsbury's Easy Peelers 600g,"95pwith Nectar
£1.35£2.25 / kg",EASY%20PEELER%20ORANGES
319,Stamford Street Co. Easy Peelers,95p£1.58 / kg,EASY%20PEELER%20ORANGES
320,"Sainsbury's Easy Peeler Box, Taste the Difference 2.3kg","£3.50with Nectar
£4.00£1.74 / kg",EASY%20PEELER%20ORANGES
321,SO Organic Easy Peelers min 500g,£1.60£1.60 / ea,EASY%20PEELER%20ORANGES
322,Sainsbury's Easy Peeler (each),30p30p / ea,EASY%20PEELER%20ORANGES
323,Schweppes Slimline Tonic Water 1L,"£1.30with Nectar
£1.7518p / 100ml",EASY%20PEELER%20ORANGES
324,Coca-Cola Zero Sugar 24x330ml,£10.7514p / 100ml,EASY%20PEELER%20ORANGES
325,Diet Coke 24x330ml,£10.7514p / 100ml,EASY%20PEELER%20ORANGES
326,Schweppes Slimline Tonic Water 12x150ml,"£3.75with Nectar
£5.5531p / 100ml",EASY%20PEELER%20ORANGES
